<?xml version="1.0" encoding="UTF-8"?>
<rss version="2.0" xmlns:ror="http://rorweb.com/0.1/" >
<channel>
  <title>ROR Sitemap for https://futbol-argentino.netlify.app/</title>
  <link>https://futbol-argentino.netlify.app/</link>

<item>
     <link>https://futbol-argentino.netlify.app/</link>
     <title>Futbol Argentino</title>
     <description>Futbol Argentino</description>
     <ror:updatePeriod></ror:updatePeriod>
     <ror:sortOrder>0</ror:sortOrder>
     <ror:resourceOf>sitemap</ror:resourceOf>
</item>
<item>
     <link>https://futbol-argentino.netlify.app/informacion</link>
     <title>Futbol Argentino</title>
     <description>Futbol Argentino</description>
     <ror:updatePeriod></ror:updatePeriod>
     <ror:sortOrder>1</ror:sortOrder>
     <ror:resourceOf>sitemap</ror:resourceOf>
</item>
<item>
     <link>https://futbol-argentino.netlify.app/index.html</link>
     <title>Futbol Argentino</title>
     <description>Futbol Argentino</description>
     <ror:updatePeriod></ror:updatePeriod>
     <ror:sortOrder>2</ror:sortOrder>
     <ror:resourceOf>sitemap</ror:resourceOf>
</item>
</channel>
</rss>
  